{
  "restaurant": [
    {
      "id": 1,
      "name": "Pizza Hut",
      "address": "Hyderabad",
      "rating": "4.5",
      "email": "pizzahut@test.com"
    },
    {
      "id": 2,
      "name": "McDonald",
      "address": "Secundrabad",
      "rating": "4.5",
      "email": "mcdonal@test.com"
    },
    {
      "id": 3,
      "name": "Santosh Daba",
      "address": "Hyderabad",
      "rating": "4.5",
      "email": "santoshdaba@test.com"
    },
    {
      "id": 4,
      "name": "Rayaseema Ruchulu",
      "address": "Madapur",
      "rating": "4.5",
      "email": "rayaseemaruchulu@test.com"
    },
    {
      "name": "KFC",
      "email": "kfc@gmail.com",
      "address": "Hyderabad",
      "rating": "4.5",
      "id": 5
    },
    {
      "name": "Shiva Guntur Mirch",
      "email": "shiva@gmail.com",
      "address": "Hyderabad",
      "rating": "4.6",
      "id": 6
    },
    {
      "name": "AAA",
      "email": "aaa@gmail.com",
      "address": "Hyderabad",
      "rating": "4.6",
      "id": 7
    },
    {
      "name": "bbb",
      "email": "bbb@gmail.com",
      "address": "hyd",
      "rating": "4.6",
      "id": 8
    }
  ]
}