{
  "restaurant": [
    {
      "id": 1,
      "name": "Pizza Hut",
      "address": "Hyderabad",
      "rating": "4.5",
      "email": "pizzahut@test.com"
    },
    {
      "id": 2,
      "name": "McDonald",
      "address": "Secundrabad",
      "rating": "4.5",
      "email": "mcdonal@test.com"
    },
    {
      "name": "Santosh Daba",
      "email": "santoshdaba@test.com",
      "address": "Hyderabad",
      "rating": "4.5",
      "id": 3
    },
    {
      "id": 4,
      "name": "Rayaseema Ruchulu",
      "address": "Madapur",
      "rating": "4.5",
      "email": "rayaseemaruchulu@test.com"
    },
    {
      "name": "KFC",
      "email": "kfc@gmail.com",
      "address": "Hyderabad",
      "rating": "4.5",
      "id": 5
    }
  ]
}